objectPath,objectName,objectType,id
/Explore/SimpleCDMP APIs,simpleCDMPGetApprovedOrders,PROCESS,6Lu6gRq5KaUjZgPcNxBQCY
/Explore/SimpleCDMP APIs,simpleCDMPWithdrawAccess,PROCESS,10T9x5BAtCdjZsZxLCCGoy
/Explore/SimpleCDMP APIs,simpleCDMPGetComments,PROCESS,5mJ5YFl5XBbcz3lNRLstAO
/Explore/SimpleCDMP APIs,simpleCDMPGetDeliveryTargets,PROCESS,3n6JXFGafAQcAsXDCKk1YU
/Explore,SimpleCDMP APIs,Project,2iKo39ex9rLh4Wsz8yjm6L
/Explore/SimpleCDMP APIs,simpleCDMPFulfillOrder,PROCESS,9EtFWesvYEcjhsecYzW4wI
/Explore/SimpleCDMP APIs,simpleCDMPGetConsumerAccessPendingWithdraw,PROCESS,fRMG4J0Eto2bRoxDbkiEC5