{
  "name" : "job-1712329884643-CAI",
  "sourceOrgId" : "46MemJ97aGrlC8R3Mdmggq",
  "sourceOrgName" : "Unity CDAM Test",
  "exportedObjects" : [ {
    "objectGuid" : "6Lu6gRq5KaUjZgPcNxBQCY",
    "objectName" : "simpleCDMPGetApprovedOrders",
    "objectType" : "PROCESS",
    "path" : "/Explore/SimpleCDMP APIs",
    "metadata" : {
      "modelVersion" : {
        "major" : 1,
        "minor" : 0
      },
      "repoInfo" : {
        "repoHandle" : "8ZAZf5kck8jKBme-gt-32313279-2024-03-27T21:50:14.963Z::pd.xml"
      },
      "objectRefs" : [ ],
      "contextAttributes" : null,
      "additionalInfo" : {
        "description" : "",
        "contentType" : "application/json; charset=utf-8",
        "documentState" : "VALID"
      }
    }
  }, {
    "objectGuid" : "10T9x5BAtCdjZsZxLCCGoy",
    "objectName" : "simpleCDMPWithdrawAccess",
    "objectType" : "PROCESS",
    "path" : "/Explore/SimpleCDMP APIs",
    "metadata" : {
      "modelVersion" : {
        "major" : 1,
        "minor" : 0
      },
      "repoInfo" : {
        "repoHandle" : "6riX2FNBeNTYglx-gt-32313267-2024-03-27T21:50:14.923Z::pd.xml"
      },
      "objectRefs" : [ ],
      "contextAttributes" : null,
      "additionalInfo" : {
        "description" : "",
        "contentType" : "application/json; charset=utf-8",
        "documentState" : "VALID"
      }
    }
  }, {
    "objectGuid" : "5mJ5YFl5XBbcz3lNRLstAO",
    "objectName" : "simpleCDMPGetComments",
    "objectType" : "PROCESS",
    "path" : "/Explore/SimpleCDMP APIs",
    "metadata" : {
      "modelVersion" : {
        "major" : 1,
        "minor" : 0
      },
      "repoInfo" : {
        "repoHandle" : "xaa-gt-153666827-2024-03-27T22:23:33.374Z::pd.xml"
      },
      "objectRefs" : [ ],
      "contextAttributes" : null,
      "additionalInfo" : {
        "description" : "",
        "contentType" : "application/json; charset=utf-8",
        "documentState" : "VALID"
      }
    }
  }, {
    "objectGuid" : "3n6JXFGafAQcAsXDCKk1YU",
    "objectName" : "simpleCDMPGetDeliveryTargets",
    "objectType" : "PROCESS",
    "path" : "/Explore/SimpleCDMP APIs",
    "metadata" : {
      "modelVersion" : {
        "major" : 1,
        "minor" : 0
      },
      "repoInfo" : {
        "repoHandle" : "3vyoY2G7QnG5YLn-gt-32313253-2024-03-27T21:50:14.879Z::pd.xml"
      },
      "objectRefs" : [ ],
      "contextAttributes" : null,
      "additionalInfo" : {
        "description" : "",
        "contentType" : "application/json; charset=utf-8",
        "documentState" : "VALID"
      }
    }
  }, {
    "objectGuid" : "2iKo39ex9rLh4Wsz8yjm6L",
    "objectName" : "SimpleCDMP APIs",
    "objectType" : "Project",
    "path" : "/Explore",
    "metadata" : {
      "modelVersion" : {
        "major" : 0,
        "minor" : 0
      },
      "repoInfo" : null,
      "objectRefs" : [ ],
      "contextAttributes" : [ ],
      "additionalInfo" : {
        "description" : "",
        "contentType" : null,
        "documentState" : "COMPLETE"
      }
    }
  }, {
    "objectGuid" : "9EtFWesvYEcjhsecYzW4wI",
    "objectName" : "simpleCDMPFulfillOrder",
    "objectType" : "PROCESS",
    "path" : "/Explore/SimpleCDMP APIs",
    "metadata" : {
      "modelVersion" : {
        "major" : 1,
        "minor" : 0
      },
      "repoInfo" : {
        "repoHandle" : "ZX81Owhz5chspiR-gt-32313240-2024-03-27T21:50:14.835Z::pd.xml"
      },
      "objectRefs" : [ ],
      "contextAttributes" : null,
      "additionalInfo" : {
        "description" : "",
        "contentType" : "application/json; charset=utf-8",
        "documentState" : "VALID"
      }
    }
  }, {
    "objectGuid" : "fRMG4J0Eto2bRoxDbkiEC5",
    "objectName" : "simpleCDMPGetConsumerAccessPendingWithdraw",
    "objectType" : "PROCESS",
    "path" : "/Explore/SimpleCDMP APIs",
    "metadata" : {
      "modelVersion" : {
        "major" : 1,
        "minor" : 0
      },
      "repoInfo" : {
        "repoHandle" : "WVdzm5Y6tMFygls-gt-32313225-2024-03-27T21:50:14.779Z::pd.xml"
      },
      "objectRefs" : [ ],
      "contextAttributes" : null,
      "additionalInfo" : {
        "description" : "",
        "contentType" : "application/json; charset=utf-8",
        "documentState" : "VALID"
      }
    }
  } ]
}