{
  "name" : "job-1712327555543",
  "sourceOrgId" : "46MemJ97aGrlC8R3Mdmggq",
  "sourceOrgName" : "Unity CDAM Test",
  "exportedObjects" : [ {
    "objectGuid" : "562ESdZNHNiksUhZBlbZWg",
    "objectName" : "Examples",
    "objectType" : "Project",
    "path" : "/Explore",
    "metadata" : {
      "modelVersion" : {
        "major" : 0,
        "minor" : 0
      },
      "repoInfo" : null,
      "objectRefs" : [ ],
      "contextAttributes" : [ ],
      "additionalInfo" : {
        "description" : "",
        "contentType" : "Binary",
        "documentState" : "COMPLETE"
      }
    }
  }, {
    "objectGuid" : "4YAsQyEc0AxceMWXGd3tAf",
    "objectName" : "mt_oracle_example_TEST_TABLE_SCOTT",
    "objectType" : "MTT",
    "path" : "/Explore/Examples",
    "metadata" : {
      "modelVersion" : {
        "major" : 0,
        "minor" : 0
      },
      "repoInfo" : {
        "repoHandle" : "01CU0C0Z00000000001I"
      },
      "objectRefs" : [ "fvXtDzfQBIIlVPxllikPgb", "hotKnLJNrmrfUerh7b2Aak", "2RGprxMaQmClnetGML7rYX" ],
      "contextAttributes" : [ {
        "name" : "id",
        "value" : "@1"
      } ],
      "additionalInfo" : {
        "description" : "",
        "contentType" : "JSON",
        "documentState" : "VALID"
      }
    }
  }, {
    "objectGuid" : "fvXtDzfQBIIlVPxllikPgb",
    "objectName" : "Example Oracle Connection",
    "objectType" : "Connection",
    "path" : "/SYS",
    "metadata" : {
      "modelVersion" : {
        "major" : 0,
        "minor" : 0
      },
      "repoInfo" : {
        "repoHandle" : "01CU0C0B00000000000C"
      },
      "objectRefs" : [ "2RGprxMaQmClnetGML7rYX" ],
      "contextAttributes" : [ {
        "name" : "id",
        "value" : "@1"
      } ],
      "additionalInfo" : {
        "description" : null,
        "contentType" : "JSON",
        "documentState" : "COMPLETE"
      }
    }
  }, {
    "objectGuid" : "hotKnLJNrmrfUerh7b2Aak",
    "objectName" : "m_oracle_example_with_parameters",
    "objectType" : "DTEMPLATE",
    "path" : "/Explore/Examples",
    "metadata" : {
      "modelVersion" : {
        "major" : 0,
        "minor" : 0
      },
      "repoInfo" : {
        "repoHandle" : "01CU0C1700000000000G"
      },
      "objectRefs" : [ "fvXtDzfQBIIlVPxllikPgb" ],
      "contextAttributes" : [ {
        "name" : "id",
        "value" : "@1"
      } ],
      "additionalInfo" : {
        "description" : "",
        "contentType" : "JSON",
        "documentState" : "VALID"
      }
    }
  }, {
    "objectGuid" : "2RGprxMaQmClnetGML7rYX",
    "objectName" : "advanced.mxdomain",
    "objectType" : "AgentGroup",
    "path" : "/SYS",
    "metadata" : {
      "modelVersion" : {
        "major" : 0,
        "minor" : 0
      },
      "repoInfo" : {
        "repoHandle" : "01CU0C25000000000003"
      },
      "objectRefs" : [ ],
      "contextAttributes" : [ {
        "name" : "id",
        "value" : "@1"
      } ],
      "additionalInfo" : {
        "description" : null,
        "contentType" : "JSON",
        "documentState" : "VALID"
      }
    }
  } ]
}