<aetgt:getResponse xmlns:aetgt="http://schemas.active-endpoints.com/appmodules/repository/2010/10/avrepository.xsd"
                   xmlns:types1="http://schemas.active-endpoints.com/appmodules/repository/2010/10/avrepository.xsd">
   <types1:Item>
      <types1:EntryId>ZX81Owhz5chspiR-gt-32313240-2024-03-27T21:50:14.835Z::pd.xml</types1:EntryId>
      <types1:Name>simpleCDMPFulfillOrder</types1:Name>
      <types1:MimeType>application/xml+process</types1:MimeType>
      <types1:Description/>
      <types1:AppliesTo/>
      <types1:Tags/>
      <types1:VersionLabel>1.0</types1:VersionLabel>
      <types1:State>CURRENT</types1:State>
      <types1:ProcessGroup/>
      <types1:CreatedBy>shayes_pa</types1:CreatedBy>
      <types1:CreationDate>2024-03-27T21:50:15Z</types1:CreationDate>
      <types1:ModifiedBy/>
      <types1:PublicationStatus>published</types1:PublicationStatus>
      <types1:PublishedBy>shayes_pa</types1:PublishedBy>
      <types1:PublicationDate>2024-03-27T21:50:18Z</types1:PublicationDate>
      <types1:PublishedContributionId>project:/spi.simpleCDMPFulfillOrder/simpleCDMPFulfillOrder.pd.xml</types1:PublishedContributionId>
      <types1:AutosaveExists>false</types1:AutosaveExists>
      <types1:Entry>
         <process xmlns="http://schemas.active-endpoints.com/appmodules/screenflow/2010/10/avosScreenflow.xsd"
                  xmlns:tfm="http://schemas.active-endpoints.com/appmodules/screenflow/2021/04/taskflowModel.xsd"
                  xmlns:list="urn:activevos:spi:list:functions"
                  displayName="simpleCDMPFulfillOrder"
                  name="simpleCDMPFulfillOrder"
                  overrideAPIName="true">
            <parameterSet xmlns="http://schemas.active-endpoints.com/appmodules/screenflow/2021/04/taskflowModel.xsd"/>
            <appliesTo/>
            <description/>
            <tags/>
            <generator>Informatica Process Designer 11</generator>
            <input>
               <parameter description="" name="OrderId" required="true" type="string">
                  <options>
                     <option name="required">false</option>
                  </options>
               </parameter>
               <parameter description="" name="Comment" required="true" type="string">
                  <options>
                     <option name="required">false</option>
                  </options>
               </parameter>
               <parameter description="" name="DeliveryId" required="true" type="string">
                  <options>
                     <option name="required">false</option>
                  </options>
               </parameter>
               <parameter description="" name="costCenter" type="string">
                  <options>
                     <option name="required">false</option>
                  </options>
               </parameter>
            </input>
            <output>
               <field description="" name="result" type="string">
                  <options>
                     <option name="required">false</option>
                  </options>
               </field>
            </output>
            <tempFields>
               <field description="" name="XML Payload" type="string">
                  <options>
                     <option name="required">false</option>
                  </options>
               </field>
               <field description="" name="costCenterXML" type="string">
                  <options>
                     <option name="required">false</option>
                  </options>
               </field>
            </tempFields>
            <notes/>
            <deployment skipIfRunning="false" suspendOnFault="false" tracingLevel="none">
               <rest>
                  <allowedGroups>
                     <group>Simple CDMP API Users</group>
                  </allowedGroups>
                  <wholePayload outputWholePayload="true"/>
               </rest>
            </deployment>
            <flow id="a">
               <start id="b">
                  <link id="lgf54d5u" targetId="lgf54d5t"/>
               </start>
               <container id="lgf54d5t" type="exclusive">
                  <title>costCenter</title>
                  <flow id="lgf54d5x">
                     <assignment id="lgf54d6p">
                        <title>Assignment to costCenterXML</title>
                        <operation source="formula" to="temp.costCenterXML">
                           <expression language="XQuery">"&lt;queryParams&gt;
&lt;name&gt;costCenter&lt;/name&gt;
&lt;value&gt;"||$input.costCenter||"&lt;/value&gt;
&lt;/queryParams&gt;"</expression>
                        </operation>
                     </assignment>
                     <link id="lgf54d5y" targetId="lgf54d5t" type="containerLink"/>
                  </flow>
                  <flow id="lgf54d60">
                     <link id="lgf54d61" targetId="lgf54d5t" type="containerLink"/>
                  </flow>
                  <link id="lgf54d5w" targetId="lgf54d5x" type="containerLink">
                     <condition source="formula">
                        <function name="starts-with-any-of">
                           <arg name="left">{$input.costCenter}</arg>
                           <arg name="right">a,b,c,d,e,f,g,h,i,j,k,l,m,n,o,p,q,r,s,t,u,v,w,x,y,z,A,B,C,D,E,F,G,H,I,J,K,L,M,N,O,P,Q,R,S,T,U,V,W,X,Y,Z,0,1,2,3,4,5,6,7,8,9</arg>
                        </function>
                     </condition>
                  </link>
                  <link id="lgf54d5z" targetId="lgf54d60" type="containerLink"/>
                  <link id="lgf54d5v" targetId="lge5sltl"/>
               </container>
               <assignment id="lge5sltl">
                  <title>Assignment to XML Payload</title>
                  <operation source="formula" to="temp.XML Payload">
                     <expression language="XQuery">"&lt;DataMarketplaceQueryParameters&gt;
&lt;queryParams&gt;
&lt;name&gt;comment&lt;/name&gt;
&lt;value&gt;"||$input.Comment||"&lt;/value&gt;
&lt;/queryParams&gt;
&lt;queryParams&gt;
&lt;name&gt;deliveryTargetId&lt;/name&gt;
&lt;value&gt;"||$input.DeliveryId||"&lt;/value&gt;
&lt;/queryParams&gt;"||$temp.costCenterXML|| 
"&lt;/DataMarketplaceQueryParameters&gt;"</expression>
                  </operation>
                  <link id="lge5sltn" targetId="lge5sluh"/>
               </assignment>
               <assignment id="lge5slsj">
                  <title>Assignment to result</title>
                  <operation source="field" to="output.result">output.Data Marketplace Response</operation>
                  <link id="lge5slsl" targetId="c"/>
               </assignment>
               <eventContainer id="lge5sluh">
                  <service id="lge5slt3">
                     <title>Execute Data Marketplace API</title>
                     <serviceName>ICSExecuteCDMPApi</serviceName>
                     <serviceGUID/>
                     <serviceInput>
                        <parameter name="httpMethod" source="constant">PUT</parameter>
                        <parameter name="relativePath" source="formula">
                           <expression language="XQuery">"orders/"||$input.OrderId||"/fulfill"</expression>
                        </parameter>
                        <parameter name="payload" source="formula">
                           <expression language="XQuery">'{ "customFields": [ ] }'</expression>
                        </parameter>
                        <parameter name="queryParameters" source="formula">
                           <expression language="XQuery">util:parseXML($temp.XMLPayload)</expression>
                        </parameter>
                     </serviceInput>
                  </service>
                  <flow id="lge5sluj">
                     <link id="lge5sluk" targetId="lge5sluh" type="containerLink"/>
                  </flow>
                  <flow id="lge5slum">
                     <throw id="lgf54d84">
                        <title>Throw 1</title>
                        <throwInput>
                           <parameter name="code" source="field" updatable="true">output.faultInfo[1]/code</parameter>
                           <parameter name="detail" source="field" updatable="true">output.faultInfo[1]/detail</parameter>
                           <parameter name="reason" source="field" updatable="true">output.faultInfo[1]/reason</parameter>
                        </throwInput>
                     </throw>
                  </flow>
                  <link id="lge5slui" targetId="lge5sluj" type="containerLink"/>
                  <link id="lge5slt5" targetId="lge5slsj"/>
                  <events>
                     <catch faultField="faultInfo" id="lge5slug" interrupting="true">
                        <link id="lge5slul" targetId="lge5slum" type="containerLink"/>
                     </catch>
                  </events>
               </eventContainer>
               <end id="c"/>
            </flow>
         </process>
      </types1:Entry>
      <types1:GUID>9EtFWesvYEcjhsecYzW4wI</types1:GUID>
      <types1:DisplayName>simpleCDMPFulfillOrder</types1:DisplayName>
   </types1:Item>
   <types1:CurrentServerDateTime>2024-04-05T15:11:40.823Z</types1:CurrentServerDateTime>
</aetgt:getResponse>
