<aetgt:getResponse xmlns:aetgt="http://schemas.active-endpoints.com/appmodules/repository/2010/10/avrepository.xsd"
                   xmlns:types1="http://schemas.active-endpoints.com/appmodules/repository/2010/10/avrepository.xsd">
   <types1:Item>
      <types1:EntryId>WVdzm5Y6tMFygls-gt-32313225-2024-03-27T21:50:14.779Z::pd.xml</types1:EntryId>
      <types1:Name>simpleCDMPGetConsumerAccessPendingWithdraw</types1:Name>
      <types1:MimeType>application/xml+process</types1:MimeType>
      <types1:Description/>
      <types1:AppliesTo/>
      <types1:Tags/>
      <types1:VersionLabel>1.0</types1:VersionLabel>
      <types1:State>CURRENT</types1:State>
      <types1:ProcessGroup/>
      <types1:CreatedBy>shayes_pa</types1:CreatedBy>
      <types1:CreationDate>2024-03-27T21:50:15Z</types1:CreationDate>
      <types1:ModifiedBy/>
      <types1:PublicationStatus>published</types1:PublicationStatus>
      <types1:PublishedBy>shayes_pa</types1:PublishedBy>
      <types1:PublicationDate>2024-03-27T21:50:21Z</types1:PublicationDate>
      <types1:PublishedContributionId>project:/spi.simpleCDMPGetConsumerAccessPendingWithdraw/simpleCDMPGetConsumerAccessPendingWithdraw.pd.xml</types1:PublishedContributionId>
      <types1:AutosaveExists>false</types1:AutosaveExists>
      <types1:Entry>
         <process xmlns="http://schemas.active-endpoints.com/appmodules/screenflow/2010/10/avosScreenflow.xsd"
                  xmlns:tfm="http://schemas.active-endpoints.com/appmodules/screenflow/2021/04/taskflowModel.xsd"
                  xmlns:list="urn:activevos:spi:list:functions"
                  displayName="simpleCDMPGetConsumerAccessPendingWithdraw"
                  name="simpleCDMPGetConsumerAccessPendingWithdraw"
                  overrideAPIName="true">
            <parameterSet xmlns="http://schemas.active-endpoints.com/appmodules/screenflow/2021/04/taskflowModel.xsd"/>
            <appliesTo/>
            <description/>
            <tags/>
            <generator>Informatica Process Designer 11</generator>
            <output>
               <field description="" name="result" type="string">
                  <options>
                     <option name="required">false</option>
                  </options>
               </field>
            </output>
            <notes/>
            <deployment skipIfRunning="false" suspendOnFault="false" tracingLevel="none">
               <rest>
                  <allowedGroups>
                     <group>Simple CDMP API Users</group>
                  </allowedGroups>
                  <wholePayload outputWholePayload="true"/>
               </rest>
            </deployment>
            <flow id="a">
               <start id="b">
                  <link id="lgcmtzv0" targetId="lgcmtzuz"/>
               </start>
               <service id="lgcmtzuz">
                  <title>Execute Data Marketplace API</title>
                  <serviceName>ICSExecuteCDMPApi</serviceName>
                  <serviceGUID/>
                  <serviceInput>
                     <parameter name="httpMethod" source="constant">GET</parameter>
                     <parameter name="relativePath" source="constant">consumerAccess</parameter>
                     <parameter name="queryParameters" source="formula">
                        <expression language="XQuery">&lt;DataMarketplaceQueryParameters&gt;
&lt;queryParams&gt;
&lt;name&gt;status&lt;/name&gt;
&lt;value&gt;PENDING_WITHDRAW&lt;/value&gt;
&lt;/queryParams&gt;
&lt;/DataMarketplaceQueryParameters&gt;</expression>
                     </parameter>
                  </serviceInput>
                  <link id="lgcmtzvj" targetId="lgcmtzvi"/>
               </service>
               <assignment id="lgcmtzvi">
                  <title>Assignment to result</title>
                  <operation source="field" to="output.result">output.Data Marketplace Response</operation>
                  <link id="lgcmtzvk" targetId="c"/>
               </assignment>
               <end id="c"/>
            </flow>
         </process>
      </types1:Entry>
      <types1:GUID>fRMG4J0Eto2bRoxDbkiEC5</types1:GUID>
      <types1:DisplayName>simpleCDMPGetConsumerAccessPendingWithdraw</types1:DisplayName>
   </types1:Item>
   <types1:CurrentServerDateTime>2024-04-05T15:11:40.766Z</types1:CurrentServerDateTime>
</aetgt:getResponse>
